화물>자가용,특수>관용,date,화물>계,총계>자가용,승합>자가용,특수>계,승용>영업용,화물>관용,특수>영업용,시군구,총계>관용,총계>영업용,총계>계,시도명,승합>관용,화물>영업용,승합>계,승용>관용,승용>자가용,승용>계,특수>자가용,승합>영업용
13442,16,202606,15686,235649,3612,559,11422,192,147,강남구,422,14178,250249,서울,58,2052,4227,156,218199,229777,396,557
11802,8,202606,14525,160497,2930,482,4952,149,201,강동구,307,8328,169132,서울,41,2574,3572,109,145492,150553,273,601
6410,17,202606,7763,67596,1834,267,2116,129,112,강북구,327,4162,72085,서울,65,1224,2609,116,59214,61446,138,710
15361,18,202606,19882,186127,3665,762,11053,157,258,강서구,355,17060,203542,서울,44,4364,5094,136,166615,177804,486,1385
8441,12,202606,10787,109233,2519,384,3106,142,168,관악구,286,5838,115357,서울,44,2204,2923,88,98069,101263,204,360
8229,9,202606,9841,89948,1783,237,2980,161,91,광진구,296,4852,95096,서울,42,1451,2155,84,79799,82863,137,330
13118,6,202606,15885,130244,3300,475,5520,128,161,구로구,305,8863,139412,서울,60,2639,3903,111,113518,119149,308,543
10161,13,202606,12394,83681,2178,299,2839,76,89,금천구,178,5518,89377,서울,32,2157,2643,57,71145,74041,197,433
9254,11,202606,11483,139991,2776,542,5587,167,241,노원구,306,8599,148896,서울,50,2062,3535,78,127671,133336,290,709
7673,12,202606,9869,85257,1967,373,4534,126,150,도봉구,278,7322,92857,서울,49,2070,2584,91,75406,80031,211,568
9349,15,202606,11713,101789,2204,319,2762,136,90,동대문구,322,5212,107323,서울,63,2228,2399,108,90022,92892,214,132
6092,16,202606,7315,101890,1903,355,1261,134,174,동작구,319,2654,104863,서울,45,1089,2078,124,93730,95115,165,130
8955,21,202606,11778,112262,2153,832,3887,174,515,마포구,346,7629,120237,서울,54,2649,2785,97,100858,104842,296,578
5482,6,202606,7364,84401,1725,268,3446,137,110,서대문구,477,5697,90575,서울,101,1745,2222,233,77042,80721,152,396
10164,14,202606,14322,169756,2718,473,3038,182,179,서초구,495,7829,178080,서울,129,3976,3483,170,156594,159802,280,636
7958,17,202606,10049,93645,1584,384,8115,177,148,성동구,378,11122,105145,서울,50,1914,2579,134,83884,92133,219,945
8069,10,202606,9864,116907,2383,326,2014,144,101,성북구,297,4837,122041,서울,46,1651,3500,97,106240,108351,215,1071
16395,19,202606,21500,228519,3560,806,7828,157,363,송파구,407,14708,243634,서울,101,4948,5230,130,208140,216098,424,1569
10358,7,202606,13262,138743,2660,694,4825,146,414,양천구,343,8737,147823,서울,64,2758,3464,126,125452,130403,273,740
12356,17,202606,16909,133637,3154,1160,2786,177,684,영등포구,382,8047,142066,서울,60,4376,3415,128,117668,120582,459,201
4401,9,202606,5611,68754,1506,185,1044,127,32,용산구,346,2231,71331,서울,55,1083,1633,155,62703,63902,144,72
9379,16,202606,11529,124967,2521,403,4127,141,176,은평구,292,7061,132320,서울,45,2009,3315,90,112856,117073,211,749
3499,103,202606,5573,43521,1260,301,303,347,98,종로구,3864,2380,49765,서울,1494,1727,3006,1920,38662,40885,100,252
4390,27,202606,5684,44591,1585,292,1225,179,88,중구,1310,2731,48632,서울,810,1115,2698,294,38439,39958,177,303
10966,13,202606,13802,104894,2551,580,6021,123,318,중랑구,247,9631,114772,서울,32,2713,3162,79,91128,97228,249,579
231704,432,202606,294390,2956499,60031,11758,106791,3908,5108,계,12885,185226,3154610,서울,3634,58778,78214,4911,2658546,2770248,6218,14549
16245,10,202606,19163,93213,1514,1138,1676,134,670,강서구,356,5544,99113,부산,80,2784,2008,132,74996,76804,458,414
9136,13,202606,12162,75721,1810,818,2382,100,603,금정구,279,6868,82868,부산,60,2926,2827,106,64573,67061,202,957
10687,13,202606,12234,89974,1863,563,878,128,271,기장군,271,3100,93345,부산,47,1419,2442,83,77145,78106,279,532
8392,4,202606,13018,94187,1870,1836,2933,58,1485,남구,217,9480,103884,부산,53,4568,2417,102,83578,86613,347,494
3435,5,202606,5757,48703,751,1132,1055,62,1040,동구,199,4533,53435,부산,45,2260,974,87,44430,45572,87,178
9519,2,202606,11214,99474,1710,501,1808,66,275,동래구,178,4054,103706,부산,27,1629,2079,83,88021,89912,224,342
12831,10,202606,15513,142360,2433,793,33577,169,571,부산진구,380,37196,179936,부산,62,2513,3030,139,126884,160600,212,535
11357,11,202606,13041,99652,1875,473,1461,105,258,북구,286,3618,103556,부산,48,1579,2243,122,86216,87799,204,320
13730,8,202606,16136,81826,1871,564,2312,99,314,사상구,266,5136,87228,부산,52,2307,2126,107,65983,68402,242,203
12405,10,202606,14503,106246,2365,511,3436,103,266,사하구,283,5966,112495,부산,50,1995,2684,120,91241,94797,235,269
3520,0,202606,4436,30714,771,152,361,41,81,서구,145,1335,32194,부산,30,875,819,74,26352,26787,71,18
5197,12,202606,6474,64938,1280,490,58683,82,330,수영구,220,60837,125995,부산,38,1195,1947,88,58313,117084,148,629
8754,30,202606,11272,129431,1621,951,32059,181,712,연제구,1080,35908,166419,부산,488,2337,2909,381,118847,151287,209,800
3892,8,202606,4356,30834,856,114,1262,83,55,영도구,233,2013,33080,부산,51,381,1222,91,26035,27388,51,315
1733,14,202606,7116,38057,441,1804,121,75,1691,중구,314,7125,45496,부산,61,5308,507,164,35784,36069,99,5
12213,9,202606,14561,158562,2559,834,1947,124,479,해운대구,335,4892,163789,부산,57,2224,2858,145,143444,145536,346,242
143046,159,202606,180956,1383892,25590,12674,145951,1610,9101,계,5042,197605,1586539,부산,1249,36300,33092,2024,1211842,1359817,3414,6253
5312,3,202606,5520,16139,356,91,66,55,19,군위군,142,259,16540,대구,36,153,413,48,10402,10516,69,21
6137,3,202606,6745,58084,1171,202,937,83,55,남구,430,1626,60140,대구,233,525,1513,111,50632,51680,144,109
28266,16,202606,33888,271296,4181,1279,27175,179,609,달서구,568,33954,305818,대구,114,5443,5022,259,238195,265629,654,727
19222,67,202606,22335,139224,2559,799,1505,308,287,달성군,623,5092,144939,대구,118,2805,3172,130,116998,118633,445,495
18908,10,202606,22974,165913,2925,1039,4169,159,524,동구,378,9328,175619,대구,89,3907,3742,120,143575,147864,505,728
27194,29,202606,31927,200961,3301,1079,2447,227,445,북구,557,8047,209565,대구,123,4506,4073,178,169861,172486,605,649
10632,9,202606,12288,73989,1496,305,3122,123,113,서구,271,4956,79216,대구,40,1533,1724,99,61678,64899,183,188
15002,14,202606,16610,212882,2761,704,2949,211,175,수성구,603,5130,218615,대구,181,1397,3551,197,194604,197750,515,609
4153,17,202606,4793,55134,966,155,1120,151,30,중구,328,1952,57414,대구,69,489,1348,91,49907,51118,108,313
134826,168,202606,157080,1193622,19716,5653,43490,1496,2257,계,3900,70344,1267866,대구,1003,20758,24558,1233,1035852,1080575,3228,3839
10877,11,202606,11812,40415,1017,386,2157,161,92,강화군,376,3291,44082,인천,53,774,1338,151,28238,30546,283,268
15665,17,202606,18676,113044,2763,696,91255,113,333,계양구,300,95907,209251,인천,59,2898,4243,111,94270,185636,346,1421
27145,29,202606,30971,254413,4329,1124,21148,164,490,남동구,1021,26052,281486,인천,454,3662,5535,374,222334,243856,605,752
3272,2,202606,4634,24449,771,425,866,31,323,동구,109,2593,27151,인천,34,1331,878,42,20306,21214,100,73
16649,19,202606,22174,164632,3601,1339,12108,135,852,미추홀구,440,18416,183488,인천,91,5390,3758,195,143914,156217,468,66
18900,9,202606,22141,211636,3782,755,19130,101,291,부평구,333,23449,235418,인천,80,3140,4750,143,188499,207772,455,888
33664,32,202606,40529,322867,5604,1667,6384,194,787,서구,563,15324,338754,인천,104,6671,7190,233,282751,289368,848,1482
12343,12,202606,16181,232674,2813,1008,5555,139,547,연수구,406,10566,243646,인천,90,3699,3668,165,217069,222789,449,765
16153,3,202606,16337,34065,602,168,64218,126,14,옹진군,255,65298,99618,인천,51,58,1661,75,17159,81452,151,1008
8467,18,202606,16869,87850,1720,2049,1012,193,1645,중구,711,11599,100160,인천,156,8209,2609,344,77277,78633,386,733
163135,152,202606,200324,1486045,27002,9617,223833,1357,5374,계,4514,272495,1763054,인천,1172,35832,35630,1833,1291817,1517483,4091,7456
26167,29,202606,34307,205821,3815,1782,4257,197,948,광산구,618,13548,219987,광주,140,7943,4355,252,175034,179543,805,400
8421,11,202606,9534,94444,1696,443,859,87,173,남구,239,2475,97158,광주,50,1026,2163,91,84068,85018,259,417
4023,10,202606,4529,47477,834,212,415,100,78,동구,258,1024,48759,광주,54,406,1013,94,42496,43005,124,125
22263,18,202606,26126,201341,3448,1178,4054,220,522,북구,657,9216,211214,광주,196,3643,4641,223,174992,179269,638,997
14635,22,202606,16600,146247,2709,673,3722,228,215,서구,706,6010,152963,광주,150,1737,3195,306,128467,132495,436,336
75509,90,202606,91096,695330,12502,4288,13307,832,1936,계,2478,32273,730081,광주,590,14755,15367,966,605057,619330,2262,2275
13284,10,202606,17289,87449,1788,820,1929,109,443,대덕구,247,6816,94512,대전,42,3896,2378,86,72010,74025,367,548
12490,13,202606,14285,94034,2057,557,3068,99,224,동구,262,5437,99733,대전,57,1696,2563,93,79167,82328,320,449
18020,32,202606,20663,212163,3666,1056,27857,207,467,서구,872,31237,244272,대전,316,2436,4459,317,189920,218094,557,477
15248,28,202606,18106,200661,2793,1003,2225,418,307,유성구,666,5332,206659,대전,93,2440,3246,127,181952,184304,668,360
11647,8,202606,13876,98905,2165,584,2318,76,262,중구,238,5145,104288,대전,50,2153,2627,104,84779,87201,314,412
70689,91,202606,84219,693212,12469,4020,37397,909,1703,계,2285,53967,749464,대전,558,12621,15273,727,607828,645952,2226,2246
15897,21,202606,19473,160195,2462,1002,2799,244,613,남구,821,7317,168333,울산,208,3332,3243,348,141468,144615,368,573
4630,7,202606,5042,64635,1067,233,712,74,64,동구,199,1258,66092,울산,42,338,1253,76,58776,59564,162,144
11305,10,202606,13066,125162,1849,664,1533,91,347,북구,238,3880,129280,울산,36,1670,2215,101,111701,113335,307,330
21177,15,202606,25605,135976,2409,1542,1245,168,1035,울주군,449,7219,143644,울산,93,4260,3181,173,111898,113316,492,679
9735,6,202606,10767,103155,1688,563,1113,89,274,중구,354,2627,106136,울산,103,943,2088,156,91449,92718,283,297
62744,59,202606,73953,589123,9475,4004,7402,666,2333,계,2061,22301,613485,울산,482,10543,11980,854,515292,523548,1612,2023
14682,244,202606,16990,198383,2798,1058,3606,271,164,세종특별자치시,1105,6431,205919,세종,228,2037,3650,362,180253,184221,650,624
14682,244,202606,16990,198383,2798,1058,3606,271,164,계,1105,6431,205919,세종,228,2037,3650,362,180253,184221,650,624
6574,24,202606,6971,33724,979,221,161,160,50,가평군,430,595,34749,경기,76,237,1202,170,26024,26355,147,147
18535,23,202606,21526,196079,3508,716,1874,202,219,고양시 덕양구,701,5356,202136,경기,153,2789,4135,323,173562,175759,474,474
13026,14,202606,15224,133657,2158,576,3457,78,166,고양시 일산동구,279,6341,140277,경기,77,2120,2833,110,118077,121644,396,598
8833,2,202606,10377,114633,1868,386,2323,35,156,고양시 일산서구,133,4547,119313,경기,20,1509,2447,76,103704,106103,228,559
1965,15,202606,2693,32208,468,128,320,128,15,과천시,718,978,33904,경기,97,600,608,478,29677,30475,98,43
10043,11,202606,12549,112315,2105,469,1579,113,221,광명시,337,4600,117252,경기,66,2393,2578,147,99930,101656,237,407
30084,17,202606,35899,210898,4274,1153,848,127,370,광주시,447,9214,220559,경기,90,5688,6672,213,175774,176835,766,2308
8143,12,202606,9843,72264,1347,358,1182,97,143,구리시,279,3214,75757,경기,65,1603,1698,105,62571,63858,203,286
8616,12,202606,12425,96487,1790,446,811,89,237,군포시,306,4940,101733,경기,75,3720,2037,130,85884,86825,197,172
30508,9,202606,35342,239378,4367,1419,3473,208,652,김포시,585,10443,250406,경기,104,4626,6163,264,203745,207482,758,1692
41785,29,202606,48858,320894,6178,1665,2158,225,499,남양주시,834,10532,332260,경기,182,6848,7387,398,271794,274350,1137,1027
5266,11,202606,6039,38657,1095,186,633,81,50,동두천시,241,1451,40349,경기,44,692,1215,105,32171,32909,125,76
130,0,202606,135,270,38,1,1,0,1,부천시,4,17,291,경기,0,5,48,4,102,107,0,10
7891,1,202606,9218,82901,1834,361,1102,37,170,부천시 소사구,103,2673,85677,경기,18,1290,1963,47,72986,74135,190,111
9274,3,202606,11112,62819,1599,359,1510,35,166,부천시 오정구,108,3911,66838,경기,31,1803,2062,39,51756,53305,190,432
15061,24,202606,18572,146486,3068,594,2658,151,195,부천시 원미구,521,6775,153782,경기,146,3360,3776,200,127982,130840,375,562
7292,8,202606,9362,189556,2129,513,3837,101,140,성남시 분당구,369,7368,197293,경기,56,1969,3607,204,179770,183811,365,1422
7313,3,202606,8953,82844,1851,334,1997,81,157,성남시 수정구,313,3940,87097,경기,63,1559,2141,166,73506,75669,174,227
8342,19,202606,10057,72334,1802,352,2302,102,146,성남시 중원구,395,4369,77098,경기,55,1613,2165,219,62003,64524,187,308
19731,27,202606,23091,220037,4052,1180,5352,164,538,수원시 권선구,449,10978,231464,경기,156,3196,6100,102,195639,201093,615,1892
6474,2,202606,7939,154155,1805,391,2179,63,125,수원시 영통구,426,3865,158446,경기,102,1402,2066,259,145612,148050,264,159
8033,18,202606,10253,108893,2432,408,1093,98,121,수원시 장안구,554,3417,112864,경기,132,2122,2645,306,98159,99558,269,81
6135,16,202606,8266,82259,2032,282,10904,93,100,수원시 팔달구,399,13131,95789,경기,100,2038,2221,190,73926,85020,166,89
36607,24,202606,43138,272390,5608,1296,1999,155,514,시흥시,465,9342,282197,경기,103,6376,6164,183,229417,231599,758,453
22903,13,202606,27173,166938,4380,796,15364,226,310,안산시 단원구,601,20863,188402,경기,134,4044,5659,228,139182,154774,473,1145
17781,3,202606,20572,143423,3405,824,2015,34,346,안산시 상록구,158,5765,149346,경기,43,2757,4095,78,121762,123855,475,647
19623,16,202606,23068,122869,2798,1316,738,137,302,안성시,426,4933,128228,경기,88,3308,3471,185,99450,100373,998,585
9751,10,202606,13368,132743,1822,587,2098,129,163,안양시 동안구,414,6290,139447,경기,104,3488,2467,171,120756,123025,414,541
8851,0,202606,10506,87949,1903,337,1363,42,129,안양시 만안구,164,4041,92154,경기,29,1613,2868,93,76987,78443,208,936
20088,13,202606,23379,147733,3437,811,756,172,259,양주시,469,4703,152905,경기,90,3119,4096,194,123669,124619,539,569
12103,11,202606,13269,68799,1498,400,439,263,82,양평군,607,1935,71341,경기,90,903,2099,243,54891,55573,307,511
14325,9,202606,20852,71040,1870,720,360,212,361,여주시,504,7685,79229,경기,85,6315,2604,198,54495,55053,350,649
6534,8,202606,10785,26542,660,646,829,153,489,연천군,325,5695,32562,경기,67,4098,1006,97,19199,20125,149,279
10724,11,202606,13567,129056,2526,556,1408,66,188,오산시,242,4935,134233,경기,60,2777,3148,105,115449,116962,357,562
11315,14,202606,14996,203102,2961,919,4005,46,379,용인시 기흥구,148,8918,212168,경기,40,3635,3900,48,188300,192353,526,899
4652,0,202606,6041,150122,1571,269,843,21,45,용인시 수지구,59,2326,152507,경기,14,1368,1655,24,143675,144542,224,70
21792,19,202606,26778,158223,3499,1298,1725,231,487,용인시 처인구,829,8578,167630,경기,140,4755,5250,439,132140,134304,792,1611
5652,8,202606,7787,70700,1106,482,413,84,301,의왕시,302,2963,73965,경기,89,2051,1393,121,63769,64303,173,198
17489,29,202606,20874,176445,3880,861,1816,201,268,의정부시,769,5711,182925,경기,242,3184,4565,297,154512,156625,564,443
19013,15,202606,23440,128679,2938,1106,892,134,559,이천시,463,6686,135828,경기,85,4293,3965,229,106196,107317,532,942
31553,24,202606,38230,263471,4946,1073,2262,172,302,파주시,604,11507,275582,경기,99,6505,7483,309,226225,228796,747,2438
36443,24,202606,44706,351192,6956,2117,3938,258,970,평택시,836,15141,367169,경기,154,8005,9338,400,306670,311008,1123,2228
20863,19,202606,23421,91575,2443,776,4438,163,356,포천시,454,7960,99989,경기,74,2395,3288,198,67868,72504,401,771
14805,11,202606,17394,141113,2171,513,975,156,161,하남시,458,3931,145502,경기,82,2433,2615,209,123796,124980,341,362
1541,1,202606,1606,3818,310,27,90,7,11,화성시,12,192,4022,경기,2,58,345,2,1952,2044,15,33
8039,0,202606,10008,200682,2128,613,378,45,102,화성시 동탄구,153,2667,203502,경기,24,1924,2415,84,190004,190466,511,263
34505,61,202606,38606,173586,3513,1072,701,197,333,화성시 만세구,607,5809,180002,경기,113,3904,4497,236,134890,135827,678,871
7105,4,202606,8283,83480,1385,329,899,27,105,화성시 병점구,92,3370,86942,경기,15,1151,2615,46,74770,75715,220,1215
13865,12,202606,15608,93776,1731,510,451,32,160,화성시 효행구,169,2892,96837,경기,66,1711,2367,59,77842,78352,338,570
706976,659,202606,852159,6463194,124224,32752,102949,5831,12319,계,19261,287493,6769948,경기,4040,139352,161137,8731,5612220,5723900,19774,32873
7990,12,202606,8355,25522,707,157,137,91,27,괴산군,240,495,26257,충북,55,274,819,82,16707,16926,118,57
4848,8,202606,5366,16607,414,325,100,116,230,단양군,250,814,17671,충북,50,402,546,76,11258,11434,87,82
6619,21,202606,7165,20489,564,145,110,122,42,보은군,279,663,21431,충북,57,424,708,79,13224,13413,82,87
8278,15,202606,8579,27112,639,159,112,120,40,영동군,294,427,27833,충북,59,181,792,100,18091,18303,104,94
8119,11,202606,8862,31277,773,263,214,87,91,옥천군,233,1055,32565,충북,56,656,923,79,22224,22517,161,94
14050,17,202606,15664,68882,1992,431,297,113,141,음성군,288,2109,71279,충북,68,1501,2230,90,52567,52954,273,170
13701,13,202606,15490,71736,1547,1225,698,162,842,제천시,368,3352,75456,충북,79,1627,1811,114,56118,56930,370,185
3207,9,202606,3820,21470,493,131,170,31,45,증평군,100,832,22402,충북,25,582,553,35,17693,17898,77,35
9274,9,202606,10482,57134,1324,342,269,86,83,진천군,234,1565,58933,충북,61,1122,1476,78,46286,46633,250,91
8,0,202606,8,18,2,0,0,0,0,청원군,1,0,19,충북,0,0,2,1,8,9,0,0
11836,21,202606,13208,102111,1898,696,1078,185,265,청주시 상당구,529,2860,105500,충북,102,1187,2330,221,87967,89266,410,330
10733,6,202606,12670,97526,1812,592,1460,68,235,청주시 서원구,277,4403,102206,충북,127,1869,2778,76,84630,86166,351,839
14455,7,202606,16695,109044,2114,639,2706,132,197,청주시 청원구,438,5621,115103,충북,113,2108,2837,186,92040,94932,435,610
15852,13,202606,18508,156770,2711,986,3596,143,381,청주시 흥덕구,399,7236,164405,충북,89,2513,3546,154,137615,141365,592,746
19778,32,202606,21832,119948,2583,803,1252,259,286,충주시,651,3732,124331,충북,141,1795,3123,219,97102,98573,485,399
148748,194,202606,166704,925646,19573,6894,12199,1715,2905,계,4581,35164,965391,충북,1082,16241,24474,1590,753530,767319,3795,3819
2209,9,202606,2736,26473,506,146,64,62,36,계룡시,189,665,27327,충남,37,465,643,81,23657,23802,101,100
12875,31,202606,13795,57530,1418,401,1312,251,132,공주시,638,2503,60671,충남,118,669,1926,238,42999,44549,238,390
8625,10,202606,9300,30965,912,233,3680,92,76,금산군,223,4567,35755,충남,41,583,1181,80,21281,25041,147,228
15282,30,202606,16471,63876,1873,388,855,148,97,논산시,422,2318,66616,충남,87,1041,2285,157,46460,47472,261,325
19541,15,202606,22087,111503,2224,1331,922,193,788,당진시,428,4409,116340,충남,71,2353,2641,149,89210,90281,528,346
12814,35,202606,13512,54892,1260,368,575,185,124,보령시,431,1393,56716,충남,67,513,1508,144,40609,41328,209,181
11278,17,202606,11838,35842,979,190,180,162,58,부여군,364,955,37161,충남,76,398,1374,109,23470,23759,115,319
19065,25,202606,21140,104427,2237,906,841,164,446,서산시,465,3689,108581,충남,85,1911,2813,191,82690,83722,435,491
7733,17,202606,8270,28283,634,199,144,106,81,서천군,243,768,29294,충남,38,431,784,82,19815,20041,101,112
24325,55,202606,28366,211855,4142,1179,1856,200,352,아산시,612,6569,219036,충남,130,3841,4792,227,182616,184699,772,520
11557,15,202606,12493,49106,1280,362,280,182,125,예산군,472,1469,51047,충남,109,754,1699,166,36047,36493,222,310
19475,16,202606,22623,146613,3388,1095,2143,130,390,천안시 동남구,317,6261,153191,충남,58,3018,4156,113,123061,125317,689,710
20828,21,202606,23779,213303,3932,1040,1544,224,321,천안시 서북구,568,5489,219360,충남,153,2727,4982,170,187845,189559,698,897
6124,18,202606,6779,18960,414,172,63,129,69,청양군,300,719,19979,충남,60,526,535,93,12337,12493,85,61
10864,19,202606,11313,36947,910,217,184,192,47,태안군,345,607,37899,충남,43,257,1072,91,25022,25297,151,119
12398,29,202606,13340,59766,1284,405,448,141,126,홍성군,440,1594,61800,충남,92,801,1595,178,45834,46460,250,219
214993,362,202606,237842,1250341,27393,8632,15091,2561,3268,계,6457,43975,1300773,충남,1265,20288,33986,2269,1002953,1020313,5002,5328
6615,12,202606,7477,19943,438,143,150,106,40,강진군,270,1033,21246,전남,61,756,586,91,12799,13040,91,87
12859,11,202606,13265,35771,968,190,164,140,36,고흥군,338,552,36661,전남,77,266,1131,110,21801,22075,143,86
5236,6,202606,5716,17533,396,141,112,75,70,곡성군,187,641,18361,전남,38,405,488,68,11836,12016,65,54
14782,15,202606,18390,98334,1987,2294,643,88,1720,광양시,264,6172,104770,전남,69,3520,2345,92,81006,81741,559,289
3952,5,202606,4194,14214,361,95,157,78,17,구례군,185,392,14791,전남,41,164,456,61,9828,10046,73,54
15523,21,202606,17429,72291,1764,671,784,226,266,나주시,511,3078,75880,전남,117,1680,2229,147,54620,55551,384,348
7920,15,202606,9054,29469,690,317,312,78,150,담양군,221,1789,31479,전남,47,1056,1008,81,20707,21100,152,271
12446,11,202606,14890,95886,2363,708,2211,151,345,목포시,404,5272,101562,전남,113,2293,2899,129,80725,83065,352,423
12112,23,202606,13232,57802,1403,375,155,167,140,무안군,662,1317,59781,전남,196,953,1668,276,44075,44506,212,69
8126,16,202606,8591,23903,704,170,164,105,53,보성군,250,641,24794,전남,48,360,816,81,14972,15217,101,64
22532,22,202606,25017,152844,2718,1475,1958,200,942,순천시,531,5786,159161,전남,124,2285,3443,185,127083,129226,511,601
9865,5,202606,10455,27372,652,187,118591,215,27,신안군,424,121213,149009,전남,68,375,2940,136,16700,135427,155,2220
21322,18,202606,25083,138403,2862,1293,2152,199,824,여수시,577,7274,146254,전남,150,3562,3748,210,113768,116130,451,736
8457,8,202606,9097,32682,715,195,256,116,57,영광군,245,947,33874,전남,42,524,867,79,23380,23715,130,110
11457,14,202606,12371,37942,1116,366,84,115,138,영암군,290,1106,39338,전남,65,799,1266,96,25155,25335,214,85
9710,10,202606,10034,27054,656,143,163,118,30,완도군,321,515,27890,전남,54,206,826,139,16585,16887,103,116
8315,5,202606,9321,29749,679,239,147,88,91,장성군,225,1243,31217,전남,47,918,813,85,20612,20844,143,87
7133,8,202606,7493,21694,522,118,74,105,27,장흥군,276,403,22373,전남,70,255,639,93,13956,14123,83,47
6442,9,202606,6694,18679,490,108,94,101,24,진도군,236,331,19246,전남,45,151,597,81,11672,11847,75,62
6670,14,202606,6967,20073,482,134,5793,92,27,함평군,228,6148,26449,전남,47,205,652,75,12828,18696,93,123
15813,11,202606,16204,43360,1581,194,109396,146,42,해남군,347,110463,154170,전남,77,245,2438,113,25825,135334,141,780
8012,10,202606,8689,35454,835,309,492,110,144,화순군,268,1999,37721,전남,51,567,1682,97,26452,27041,155,796
235299,269,202606,259663,1050452,24382,9865,244052,2819,5210,계,7260,278315,1336027,전남,1647,21545,33537,2525,786385,1032962,4386,7508
22082,17,202606,25091,146236,2797,876,913,129,400,경산시,390,4585,151211,경북,90,2880,3279,154,120898,121965,459,392
25790,20,202606,28072,152212,3395,993,1561,223,375,경주시,605,4508,157325,경북,137,2059,4045,225,122429,124215,598,513
6591,18,202606,7351,22008,605,159,35,76,54,고령군,186,828,23022,경북,31,684,691,61,14725,14821,87,55
25705,22,202606,29550,228440,4542,1236,2341,227,479,구미시,556,7253,236249,경북,103,3618,5460,204,197458,200003,735,815
15,0,202606,15,35,4,0,2,0,0,군위군,0,2,37,경북,0,0,4,0,16,18,0,0
17894,15,202606,19240,79653,1837,475,589,167,188,김천시,422,2236,82311,경북,79,1179,2196,161,59650,60400,272,280
10373,13,202606,10798,39167,1120,275,368,127,98,문경시,290,881,40338,경북,53,298,1290,97,27510,27975,164,117
7192,18,202606,7369,18990,383,96,46,90,15,봉화군,255,195,19440,경북,50,87,480,97,11352,11495,63,47
17343,17,202606,18594,56871,1501,420,367,205,176,상주시,432,1867,59170,경북,81,1046,1860,129,37800,38296,227,278
11496,18,202606,12543,33089,753,320,107,88,147,성주군,222,1260,34571,경북,40,959,840,76,20685,20868,155,47
19627,48,202606,21145,88673,1992,674,911,265,235,안동시,833,2704,92210,경북,209,1253,2506,311,66663,67885,391,305
6089,20,202606,6352,20195,586,137,89,127,30,영덕군,270,308,20773,경북,48,136,687,75,13433,13597,87,53
4084,8,202606,4208,11141,271,58,37,70,6,영양군,177,124,11442,경북,34,54,332,65,6742,6844,44,27
14654,27,202606,15538,58499,1472,441,460,152,152,영주시,377,1480,60356,경북,74,732,1682,124,42111,42695,262,136
16084,18,202606,17757,62861,1634,652,345,154,367,영천시,395,2463,65719,경북,80,1519,1946,143,44876,45364,267,232
8655,20,202606,8973,33025,686,199,174,110,51,예천군,302,517,33844,경북,60,208,830,112,23556,23842,128,84
1414,10,202606,1502,6109,251,41,262,61,4,울릉군,150,491,6750,경북,19,27,468,60,4417,4739,27,198
6697,24,202606,6942,29148,589,203,107,121,42,울진군,332,362,29842,경북,55,124,733,132,21725,21964,137,89
12393,11,202606,13423,33697,819,239,86,147,100,의성군,311,1144,35152,경북,66,883,960,87,20357,20530,128,75
7973,16,202606,8704,26907,597,298,156,93,173,청도군,237,1020,28164,경북,45,638,695,83,18228,18467,109,53
6233,13,202606,6439,17570,481,93,37,88,14,청송군,221,214,18005,경북,60,118,586,60,10790,10887,66,45
12875,14,202606,14655,70605,1669,592,294,113,300,칠곡군,295,2611,73511,경북,59,1667,2078,109,55783,56186,278,350
17548,13,202606,21786,123072,2631,2168,1474,215,1670,포항시 남구,456,7910,131438,경북,74,4023,3448,154,102408,104036,485,743
18180,30,202606,19424,156384,2699,811,2080,111,292,포항시 북구,401,3841,160626,경북,93,1133,3128,167,135016,137263,489,336
296987,430,202606,325471,1514587,33314,11456,12841,3159,5368,계,8115,48804,1571506,경북,1640,25325,40224,2886,1178628,1194355,5658,5270
11989,17,202606,12680,112619,2502,541,976,152,168,거제시,378,2144,115141,경남,78,539,3041,131,97772,98879,356,461
9329,16,202606,9689,35585,806,285,172,104,178,거창군,295,792,36672,경남,69,256,1061,106,25359,25637,91,186
7399,11,202606,7707,28051,644,227,173,93,64,고성군,234,541,28826,경남,65,215,798,65,19856,20094,152,89
40946,43,202606,46066,301157,5570,1512,2207,246,630,김해시,719,8337,310213,경남,155,4874,6351,275,253802,256284,839,626
6297,8,202606,6586,22354,524,111,141,137,28,남해군,299,425,23078,경남,54,152,682,100,15458,15699,75,104
13614,17,202606,16337,59590,1255,844,477,111,592,밀양시,332,3882,63804,경남,92,2612,1548,112,44486,45075,235,201
10485,18,202606,11218,62116,1354,339,628,140,117,사천시,344,1519,63979,경남,79,593,1614,107,50073,50808,204,181
7295,11,202606,7863,22065,465,313,53,100,149,산청군,266,724,23055,경남,60,468,579,95,14152,14300,153,54
22287,29,202606,29616,187024,3774,2182,1026,157,1471,양산시,465,10410,197899,경남,91,7172,4606,188,160281,161495,682,741
4556,13,202606,5209,15634,348,207,45,93,127,의령군,231,773,16638,경남,53,560,442,72,10663,10780,67,41
26481,34,202606,29173,175303,2910,1023,2612,289,440,진주시,715,6553,182571,경남,167,2403,4175,225,145363,148200,549,1098
10243,10,202606,10679,36757,911,242,193,95,75,창녕군,244,724,37725,경남,72,341,1098,67,25446,25706,157,115
10199,15,202606,11348,102097,1683,343,1281,138,152,창원시 마산합포구,367,2916,105380,경남,61,1011,2216,153,90039,91473,176,472
10615,4,202606,12222,109114,1641,477,5708,53,227,창원시 마산회원구,159,7896,117169,경남,28,1554,2076,74,96612,102394,246,407
10418,16,202606,11531,151265,1885,471,18990,141,200,창원시 성산구,627,20983,172875,경남,215,972,2921,255,138707,157952,255,821
17195,20,202606,18852,149868,2043,711,58859,126,352,창원시 의창구,562,61097,211527,경남,159,1531,2557,257,130291,189407,339,355
7661,12,202606,8917,97129,1680,643,729,90,323,창원시 진해구,237,2372,99738,경남,37,1166,1871,98,87480,88307,308,154
8624,15,202606,9117,53928,1463,274,657,123,73,통영시,325,1353,55606,경남,87,370,1803,100,43655,44412,186,253
7818,17,202606,8109,24873,495,204,84,117,86,하동군,266,390,25529,경남,73,174,614,59,16459,16602,101,46
10152,7,202606,10800,45191,924,424,28505,85,232,함안군,234,29509,74934,경남,55,563,1188,87,33930,62522,185,209
6917,18,202606,7171,24277,461,144,22054,114,32,함양군,255,22402,46934,경남,55,140,692,68,16805,38927,94,176
8273,15,202606,8816,25055,536,179,152,143,68,합천군,302,690,26047,경남,58,400,664,86,16150,16388,96,70
268793,366,202606,299706,1841052,33874,11696,145722,2847,5784,계,7856,186432,2035340,경남,1863,28066,42597,2780,1532839,1681341,5546,6860
26776,49,202606,27816,107365,2630,449,924,345,145,서귀포시,768,1904,110037,제주,127,695,2897,247,77704,78875,255,140
60615,40,202606,65033,326036,6538,1795,283864,701,547,제주시,1706,294506,622248,제주,347,3717,13263,618,257675,542157,1208,6378
87391,89,202606,92849,433401,9168,2244,284788,1046,692,계,2474,296410,732285,제주,474,4412,16160,865,335379,621032,1463,6518
17727,46,202606,19404,115672,2298,868,2150,266,386,강릉시,636,4442,120750,강원,141,1411,2934,183,95211,97544,436,495
3972,6,202606,4182,16914,404,107,114,104,31,고성군,208,287,17409,강원,41,106,481,57,12468,12639,70,36
6893,11,202606,7531,48082,1092,386,710,123,186,동해시,345,1577,50004,강원,83,515,1341,128,39908,40746,189,166
6682,14,202606,7058,34303,707,224,472,184,46,삼척시,420,827,35550,강원,98,192,922,124,26750,27346,164,117
5198,10,202606,5645,40494,980,250,797,125,85,속초시,348,1342,42184,강원,90,322,1208,123,34161,35081,155,138
3340,11,202606,3513,12794,272,85,65,116,20,양구군,236,177,13207,강원,54,57,361,55,9128,9248,54,35
4057,17,202606,4259,17234,364,125,190,133,21,양양군,235,306,17775,강원,37,69,427,48,12726,12964,87,26
6190,14,202606,6455,22005,570,202,149,126,59,영월군,354,403,22762,강원,82,139,708,132,15116,15397,129,56
26418,31,202606,28975,197346,3872,1171,2543,232,357,원주시,650,5719,203715,강원,154,2325,4520,233,166273,169049,783,494
5006,15,202606,5253,20457,420,141,84,126,30,인제군,251,292,21000,강원,52,121,529,58,14935,15077,96,57
6203,28,202606,6510,22612,492,191,220,146,35,정선군,392,494,23498,강원,101,161,671,117,15789,16126,128,78
6988,19,202606,7266,25118,583,138,188,142,22,철원군,289,397,25804,강원,68,136,702,60,17450,17698,97,51
18320,32,202606,21419,145458,2839,1002,2277,267,414,춘천시,905,6127,152490,강원,263,2832,3706,343,123743,126363,556,604
3283,16,202606,3545,19997,552,186,355,123,49,태백시,269,665,20931,강원,56,139,730,74,16041,16470,121,122
8667,25,202606,8918,27437,683,176,208,119,46,평창군,329,459,28225,강원,76,132,832,109,17982,18299,105,73
11678,26,202606,12323,41586,1064,278,298,185,66,홍천군,464,1092,43142,강원,115,460,1447,138,28658,29094,186,268
3311,10,202606,3459,13805,254,94,54,101,24,화천군,230,160,14195,강원,59,47,348,60,10180,10294,60,35
8730,12,202606,9125,29677,771,214,511,127,51,횡성군,292,915,30884,강원,64,268,920,89,20025,20625,151,85
152663,343,202606,164840,850991,18217,5838,11385,2745,1928,계,6853,25681,883525,강원,1634,9432,22787,2131,676544,690060,3567,2936
10673,15,202606,11135,32763,1204,203,160,156,62,고창군,356,621,33740,전북,65,306,1362,120,20760,21040,126,93
19200,22,202606,22731,141586,2697,1291,1900,213,718,군산시,572,6445,148603,전북,126,3318,3332,211,119138,121249,551,509
13999,8,202606,15212,52009,1406,458,490,151,159,김제시,353,1860,54222,전북,60,1062,1615,134,36313,36937,291,149
12402,24,202606,13053,43837,1067,302,376,188,77,남원시,457,1075,45369,전북,107,463,1333,138,30167,30681,201,159
4506,9,202606,4856,14542,431,96,56,103,38,무주군,224,393,15159,전북,39,247,522,73,9556,9685,49,52
8736,15,202606,9142,28896,739,198,172,141,55,부안군,323,605,29824,전북,64,265,916,103,19293,19568,128,113
5380,10,202606,5544,17266,374,80,84,101,21,순창군,243,187,17696,전북,58,63,451,74,11463,11621,49,19
12496,30,202606,15130,63189,1472,527,227,219,227,완주군,495,3283,66967,전북,110,2415,1996,136,48951,49314,270,414
24043,18,202606,27402,145711,3508,944,1799,213,422,익산시,571,5849,152131,전북,133,3146,4123,207,117656,119662,504,482
4938,9,202606,5337,15495,389,97,54,121,23,임실군,275,420,16190,전북,61,278,515,84,10103,10241,65,65
4529,7,202606,4736,13449,311,86,33,114,23,장수군,241,170,13860,전북,42,93,374,78,8553,8664,56,21
18729,13,202606,21505,171719,3050,1008,2974,151,402,전주시 덕진구,424,6919,179062,전북,94,2625,4062,166,149347,152487,593,918
15413,21,202606,17214,154669,2735,674,1974,209,258,전주시 완산구,799,4372,159840,전북,217,1592,3500,352,136126,138452,395,548
14942,10,202606,16023,59255,1456,413,633,165,122,정읍시,396,1868,61519,전북,106,916,1759,115,42576,43324,281,197
5082,18,202606,5297,15783,385,97,68,113,15,진안군,302,279,16364,전북,50,102,529,121,10252,10441,64,94
175068,229,202606,194317,970169,21224,6474,11000,2358,2622,계,6031,34346,1010546,전북,1332,16891,26389,2112,770254,783366,3623,3833
